{
	"__comment": "Designed by Sirfancybacon with Cubik Studio - https://cubik.studio",
	"textures": {
		"door_spruce": "blocks/door_spruce",
		"door_spruce_metal": "blocks/door_spruce_metal"
	},
	"elements": [
		{
			"__comment": "Box3",
			"from": [ 0, 0, 0.5 ],
			"to": [ 16, 32, 1 ],
			"faces": {
				"down": { "uv": [ 0, 15.5, 16, 16 ], "texture": "#door_spruce" },
				"up": { "uv": [ 0, 0, 16, 0.5 ], "texture": "#door_spruce" },
				"north": { "uv": [ 0, 0, 16, 16 ], "texture": "#door_spruce" },
				"south": { "uv": [ 16, 0, 0, 16 ], "texture": "#door_spruce" },
				"west": { "uv": [ 0, 0, 0.5, 16 ], "texture": "#door_spruce" },
				"east": { "uv": [ 15.5, 0, 16, 16 ], "texture": "#door_spruce" }
			}
		},
		{
			"__comment": "Box16",
			"from": [ 0, 5, 1 ],
			"to": [ 16, 7, 1.5 ],
			"faces": {
				"down": { "uv": [ 0, 3.5, 16, 4 ], "texture": "#door_spruce_metal" },
				"up": { "uv": [ 0, 2.5, 16, 3 ], "texture": "#door_spruce_metal" },
				"north": { "uv": [ 0, 13, 16, 15 ], "texture": "#door_spruce_metal" },
				"south": { "uv": [ 0, 13, 16, 15 ], "texture": "#door_spruce_metal" },
				"west": { "uv": [ 0, 13, 0.5, 15 ], "texture": "#door_spruce_metal" },
				"east": { "uv": [ 15.5, 13, 16, 15 ], "texture": "#door_spruce_metal" }
			}
		},
		{
			"__comment": "Box16",
			"from": [ 0, 25, 1 ],
			"to": [ 16, 27, 1.5 ],
			"faces": {
				"down": { "uv": [ 0, 3.5, 16, 4 ], "texture": "#door_spruce_metal" },
				"up": { "uv": [ 0, 2.5, 16, 3 ], "texture": "#door_spruce_metal" },
				"north": { "uv": [ 0, 0, 16, 2 ], "texture": "#door_spruce_metal" },
				"south": { "uv": [ 0, 0, 16, 2 ], "texture": "#door_spruce_metal" },
				"west": { "uv": [ 0, 0, 0.5, 2 ], "texture": "#door_spruce_metal" },
				"east": { "uv": [ 15.5, 0, 16, 2 ], "texture": "#door_spruce_metal" }
			}
		},
		{
			"__comment": "Box16",
			"from": [ 0, 15, 1 ],
			"to": [ 16, 17, 1.5 ],
			"faces": {
				"down": { "uv": [ 0, 3.5, 16, 4 ], "texture": "#door_spruce_metal" },
				"up": { "uv": [ 0, 2.5, 16, 3 ], "texture": "#door_spruce_metal" },
				"north": { "uv": [ 0, 10, 16, 12 ], "texture": "#door_spruce_metal" },
				"south": { "uv": [ 0, 10, 16, 12 ], "texture": "#door_spruce_metal" },
				"west": { "uv": [ 0, 10, 0.5, 12 ], "texture": "#door_spruce_metal" },
				"east": { "uv": [ 15.5, 10, 16, 12 ], "texture": "#door_spruce_metal" }
			}
		},
		{
			"__comment": "Box16",
			"from": [ 0, 5, 0 ],
			"to": [ 16, 7, 0.5 ],
			"faces": {
				"down": { "uv": [ 0, 3.5, 16, 4 ], "texture": "#door_spruce_metal" },
				"up": { "uv": [ 0, 2.5, 16, 3 ], "texture": "#door_spruce_metal" },
				"north": { "uv": [ 0, 13, 16, 15 ], "texture": "#door_spruce_metal" },
				"south": { "uv": [ 0, 13, 16, 15 ], "texture": "#door_spruce_metal" },
				"west": { "uv": [ 0, 13, 0.5, 15 ], "texture": "#door_spruce_metal" },
				"east": { "uv": [ 15.5, 13, 16, 15 ], "texture": "#door_spruce_metal" }
			}
		},
		{
			"__comment": "Box16",
			"from": [ 0, 25, 0 ],
			"to": [ 16, 27, 0.5 ],
			"faces": {
				"down": { "uv": [ 0, 3.5, 16, 4 ], "texture": "#door_spruce_metal" },
				"up": { "uv": [ 0, 2.5, 16, 3 ], "texture": "#door_spruce_metal" },
				"north": { "uv": [ 0, 0, 16, 2 ], "texture": "#door_spruce_metal" },
				"south": { "uv": [ 0, 0, 16, 2 ], "texture": "#door_spruce_metal" },
				"west": { "uv": [ 0, 0, 0.5, 2 ], "texture": "#door_spruce_metal" },
				"east": { "uv": [ 15.5, 0, 16, 2 ], "texture": "#door_spruce_metal" }
			}
		},
		{
			"__comment": "Box16",
			"from": [ 0, 15, 0 ],
			"to": [ 16, 17, 0.5 ],
			"faces": {
				"down": { "uv": [ 0, 3.5, 16, 4 ], "texture": "#door_spruce_metal" },
				"up": { "uv": [ 0, 2.5, 16, 3 ], "texture": "#door_spruce_metal" },
				"north": { "uv": [ 0, 10, 16, 12 ], "texture": "#door_spruce_metal" },
				"south": { "uv": [ 0, 10, 16, 12 ], "texture": "#door_spruce_metal" },
				"west": { "uv": [ 0, 10, 0.5, 12 ], "texture": "#door_spruce_metal" },
				"east": { "uv": [ 15.5, 10, 16, 12 ], "texture": "#door_spruce_metal" }
			}
		},
		{
			"__comment": "Box8",
			"from": [ 12, 14.5, 1.5 ],
			"to": [ 14, 15, 2 ],
			"faces": {
				"down": { "uv": [ 6, 5, 8.5, 5.5 ], "texture": "#door_spruce_metal" },
				"up": { "uv": [ 6, 5, 8.5, 5.5 ], "texture": "#door_spruce_metal" },
				"north": { "uv": [ 6, 5, 8.5, 5.5 ], "texture": "#door_spruce_metal" },
				"south": { "uv": [ 6, 5, 8.5, 5.5 ], "texture": "#door_spruce_metal" },
				"west": { "uv": [ 6, 5, 6.5, 5.5 ], "texture": "#door_spruce_metal" },
				"east": { "uv": [ 8, 5, 8.5, 5.5 ], "texture": "#door_spruce_metal" }
			}
		},
		{
			"__comment": "Box8",
			"from": [ 12, 11.5, 1.5 ],
			"to": [ 14, 12, 2 ],
			"faces": {
				"down": { "uv": [ 6, 8.5, 8.5, 9 ], "texture": "#door_spruce_metal" },
				"up": { "uv": [ 6, 8.5, 8.5, 9 ], "texture": "#door_spruce_metal" },
				"north": { "uv": [ 6, 8.5, 8.5, 9 ], "texture": "#door_spruce_metal" },
				"south": { "uv": [ 6, 8.5, 8.5, 9 ], "texture": "#door_spruce_metal" },
				"west": { "uv": [ 6, 8.5, 6.5, 9 ], "texture": "#door_spruce_metal" },
				"east": { "uv": [ 8, 8.5, 8.5, 9 ], "texture": "#door_spruce_metal" }
			}
		},
		{
			"__comment": "Box8",
			"from": [ 11.5, 12, 1.5 ],
			"to": [ 12, 14.5, 2 ],
			"faces": {
				"down": { "uv": [ 5.5, 5.5, 6, 6 ], "texture": "#door_spruce_metal" },
				"up": { "uv": [ 5.5, 5.5, 6, 6 ], "texture": "#door_spruce_metal" },
				"north": { "uv": [ 5.5, 5.5, 6, 8.5 ], "texture": "#door_spruce_metal" },
				"south": { "uv": [ 5.5, 5.5, 6, 8.5 ], "texture": "#door_spruce_metal" },
				"west": { "uv": [ 5.5, 5.5, 6, 8.5 ], "texture": "#door_spruce_metal" },
				"east": { "uv": [ 5.5, 5.5, 6, 8.5 ], "texture": "#door_spruce_metal" }
			}
		},
		{
			"__comment": "Box8",
			"from": [ 14, 12, 1.5 ],
			"to": [ 14.5, 14.5, 2 ],
			"faces": {
				"down": { "uv": [ 8.5, 8, 9, 8.5 ], "texture": "#door_spruce_metal" },
				"up": { "uv": [ 8.5, 5.5, 9, 6 ], "texture": "#door_spruce_metal" },
				"north": { "uv": [ 8.5, 5.5, 9, 8.5 ], "texture": "#door_spruce_metal" },
				"south": { "uv": [ 8.5, 5.5, 9, 8.5 ], "texture": "#door_spruce_metal" },
				"west": { "uv": [ 8.5, 5.5, 9, 8.5 ], "texture": "#door_spruce_metal" },
				"east": { "uv": [ 8.5, 5.5, 9, 8.5 ], "texture": "#door_spruce_metal" }
			}
		},
		{
			"__comment": "Box8",
			"from": [ 12, 14.5, -0.5 ],
			"to": [ 14, 15, 0 ],
			"faces": {
				"down": { "uv": [ 12, 14, 14, 14.5 ], "texture": "#door_spruce_metal" },
				"up": { "uv": [ 12, 1.5, 14, 2 ], "texture": "#door_spruce_metal" },
				"north": { "uv": [ 2, 1, 4, 1.5 ], "texture": "#door_spruce_metal" },
				"south": { "uv": [ 12, 1, 14, 1.5 ], "texture": "#door_spruce_metal" },
				"west": { "uv": [ 1.5, 1, 2, 1.5 ], "texture": "#door_spruce_metal" },
				"east": { "uv": [ 14, 1, 14.5, 1.5 ], "texture": "#door_spruce_metal" }
			}
		},
		{
			"__comment": "Box8",
			"from": [ 12, 11.5, -0.5 ],
			"to": [ 14, 12, 0 ],
			"faces": {
				"down": { "uv": [ 12, 14, 14, 14.5 ], "texture": "#door_spruce_metal" },
				"up": { "uv": [ 12, 1.5, 14, 2 ], "texture": "#door_spruce_metal" },
				"north": { "uv": [ 2, 1, 4, 2 ], "texture": "#door_spruce_metal" },
				"south": { "uv": [ 12, 1, 14, 2 ], "texture": "#door_spruce_metal" },
				"west": { "uv": [ 1.5, 1, 2, 2 ], "texture": "#door_spruce_metal" },
				"east": { "uv": [ 14, 1, 14.5, 2 ], "texture": "#door_spruce_metal" }
			}
		},
		{
			"__comment": "Box8",
			"from": [ 11.5, 12, -0.5 ],
			"to": [ 12, 14.5, 0 ],
			"faces": {
				"down": { "uv": [ 12, 14, 14, 14.5 ], "texture": "#door_spruce_metal" },
				"up": { "uv": [ 12, 1.5, 14, 2 ], "texture": "#door_spruce_metal" },
				"north": { "uv": [ 2, 1, 4, 2 ], "texture": "#door_spruce_metal" },
				"south": { "uv": [ 12, 1, 14, 2 ], "texture": "#door_spruce_metal" },
				"west": { "uv": [ 1.5, 1, 2, 2 ], "texture": "#door_spruce_metal" },
				"east": { "uv": [ 14, 1, 14.5, 2 ], "texture": "#door_spruce_metal" }
			}
		},
		{
			"__comment": "Box8",
			"from": [ 14, 12, -0.5 ],
			"to": [ 14.5, 14.5, 0 ],
			"faces": {
				"down": { "uv": [ 12, 14, 14, 14.5 ], "texture": "#door_spruce_metal" },
				"up": { "uv": [ 12, 1.5, 14, 2 ], "texture": "#door_spruce_metal" },
				"north": { "uv": [ 2, 1, 4, 2 ], "texture": "#door_spruce_metal" },
				"south": { "uv": [ 12, 1, 14, 2 ], "texture": "#door_spruce_metal" },
				"west": { "uv": [ 1.5, 1, 2, 2 ], "texture": "#door_spruce_metal" },
				"east": { "uv": [ 14, 1, 14.5, 2 ], "texture": "#door_spruce_metal" }
			}
		}
	]
}
