{
	"__comment": "Designed by Sirfancybacon with Cubik Studio - https://cubik.studio",
	"textures": {
		"door_iron": "blocks/door_iron",
		"door_iron_detail": "blocks/door_iron_detail"
	},
	"elements": [ 	 
		{
			"__comment": "Door",
			"from": [ 1, 0, 0 ],
			"to": [ 3, 16, 16 ],
			"faces": {
				"down": { "uv": [ 1, 0, 3, 16 ], "texture": "#door_iron" },
				"up": { "uv": [ 1, 0, 3, 16 ], "texture": "#door_iron" },
				"north": { "uv": [ 13, 0, 15, 16 ], "texture": "#door_iron" },
				"south": { "uv": [ 1, 0, 3, 16 ], "texture": "#door_iron" },
				"west": { "uv": [ 0, 0, 16, 16 ], "texture": "#door_iron" },
				"east": { "uv": [ 0, 0, 16, 16 ], "texture": "#door_iron" }
			}
		},
		{
			"__comment": "Hinge_Bottom",
			"from": [ 0.5, 3, 15.5 ],
			"to": [ 1, 6, 16 ],
			"faces": {
				"down": { "uv": [ 0.5, 11.5, 1, 12 ], "texture": "#door_iron_detail" },
				"up": { "uv": [ 0.5, 11.5, 1, 12 ], "texture": "#door_iron_detail" },
				"north": { "uv": [ 15.5, 0, 16, 3 ], "texture": "#door_iron_detail" },
				"south": { "uv": [ 15.5, 0, 16, 3 ], "texture": "#door_iron_detail" },
				"west": { "uv": [ 15.5, 0, 16, 3 ], "texture": "#door_iron_detail" },
				"east": { "uv": [ 15.5, 0, 16, 3 ], "texture": "#door_iron_detail" }
			}
		},
		{
			"__comment": "Hinge_Top",
			"from": [ 0.5, 14.5, 15.5 ],
			"to": [ 1, 16, 16 ],
			"faces": {
				"down": { "uv": [ 0, 11.5, 0.5, 12 ], "texture": "#door_iron_detail" },
				"up": { "uv": [ 0, 11.5, 0.5, 12 ], "texture": "#door_iron_detail" },
				"north": { "uv": [ 14.5, 0, 15, 3 ], "texture": "#door_iron_detail" },
				"south": { "uv": [ 14.5, 0, 15, 3 ], "texture": "#door_iron_detail" },
				"west": { "uv": [ 14.5, 0, 15, 3 ], "texture": "#door_iron_detail" },
				"east": { "uv": [ 14.5, 0, 15, 3 ], "texture": "#door_iron_detail" }
			}
		},
		{
			"__comment": "Reenforcement_Bottom",
			"from": [ 0.5, 3.5, 0 ],
			"to": [ 1, 5.5, 15.5 ],
			"faces": {
				"down": { "uv": [ 14.5, 0.5, 15, 16 ], "texture": "#door_iron_detail" },
				"up": { "uv": [ 14.5, 0.5, 15, 16 ], "texture": "#door_iron_detail" },
				"north": { "uv": [ 0, 13, 0.5, 15 ], "texture": "#door_iron_detail" },
				"south": { "uv": [ 0, 13, 0.5, 15 ], "texture": "#door_iron_detail" },
				"west": { "uv": [ 0, 0, 15.5, 2 ], "texture": "#door_iron_detail" },
				"east": { "uv": [ 0, 0, 15.5, 2 ], "texture": "#door_iron_detail" }
			}
		},
		{
			"__comment": "Reenforcement_Top",
			"from": [ 0.5, 15, 0 ],
			"to": [ 1, 16, 15.5 ],
			"faces": {
				"down": { "uv": [ 15.5, 0.5, 16, 16 ], "texture": "#door_iron_detail" },
				"up": { "uv": [ 15.5, 0.5, 16, 16 ], "texture": "#door_iron_detail" },
				"north": { "uv": [ 0.5, 13, 1, 15 ], "texture": "#door_iron_detail" },
				"south": { "uv": [ 0.5, 13, 1, 15 ], "texture": "#door_iron_detail" },
				"west": { "uv": [ 0.5, 0, 16, 2 ], "texture": "#door_iron_detail" },
				"east": { "uv": [ 0.5, 0, 16, 2 ], "texture": "#door_iron_detail" }
			}
		},
		{
			"__comment": "Hinge_Bottom",
			"from": [ 3, 3, 15.5 ],
			"to": [ 3.5, 6, 16 ],
			"faces": {
				"down": { "uv": [ 0.5, 11.5, 1, 12 ], "texture": "#door_iron_detail" },
				"up": { "uv": [ 0.5, 11.5, 1, 12 ], "texture": "#door_iron_detail" },
				"north": { "uv": [ 15.5, 0, 16, 3 ], "texture": "#door_iron_detail" },
				"south": { "uv": [ 15.5, 0, 16, 3 ], "texture": "#door_iron_detail" },
				"west": { "uv": [ 15.5, 0, 16, 3 ], "texture": "#door_iron_detail" },
				"east": { "uv": [ 15.5, 0, 16, 3 ], "texture": "#door_iron_detail" }
			}
		},
		{
			"__comment": "Hinge_Top",
			"from": [ 3, 14.5, 15.5 ],
			"to": [ 3.5, 16, 16 ],
			"faces": {
				"down": { "uv": [ 0, 11.5, 0.5, 12 ], "texture": "#door_iron_detail" },
				"up": { "uv": [ 0, 11.5, 0.5, 12 ], "texture": "#door_iron_detail" },
				"north": { "uv": [ 14.5, 0, 15, 3 ], "texture": "#door_iron_detail" },
				"south": { "uv": [ 14.5, 0, 15, 3 ], "texture": "#door_iron_detail" },
				"west": { "uv": [ 14.5, 0, 15, 3 ], "texture": "#door_iron_detail" },
				"east": { "uv": [ 14.5, 0, 15, 3 ], "texture": "#door_iron_detail" }
			}
		},
		{
			"__comment": "Reenforcement_Bottom",
			"from": [ 3, 3.5, 0 ],
			"to": [ 3.5, 5.5, 15.5 ],
			"faces": {
				"down": { "uv": [ 14.5, 0.5, 15, 16 ], "texture": "#door_iron_detail" },
				"up": { "uv": [ 14.5, 0.5, 15, 16 ], "texture": "#door_iron_detail" },
				"north": { "uv": [ 0, 13, 0.5, 15 ], "texture": "#door_iron_detail" },
				"south": { "uv": [ 0, 13, 0.5, 15 ], "texture": "#door_iron_detail" },
				"west": { "uv": [ 0, 0, 15.5, 2 ], "texture": "#door_iron_detail" },
				"east": { "uv": [ 0, 0, 15.5, 2 ], "texture": "#door_iron_detail" }
			}
		},
		{
			"__comment": "Reenforcement_Top",
			"from": [ 3, 15, 0 ],
			"to": [ 3.5, 16, 15.5 ],
			"faces": {
				"down": { "uv": [ 15.5, 0.5, 16, 16 ], "texture": "#door_iron_detail" },
				"up": { "uv": [ 15.5, 0.5, 16, 16 ], "texture": "#door_iron_detail" },
				"north": { "uv": [ 0.5, 13, 1, 15 ], "texture": "#door_iron_detail" },
				"south": { "uv": [ 0.5, 13, 1, 15 ], "texture": "#door_iron_detail" },
				"west": { "uv": [ 0.5, 0, 16, 2 ], "texture": "#door_iron_detail" },
				"east": { "uv": [ 0.5, 0, 16, 2 ], "texture": "#door_iron_detail" }
			}
		}
	]
}