{
	"__comment": "Designed by Sirfancybacon with Cubik Studio - https://cubik.studio",
	"textures": {
		"door_spruce": "blocks/door_spruce",
		"door_spruce_metal": "blocks/door_spruce_metal"
	},
	"elements": [
		{
			"__comment": "Box3",
			"from": [ 1, 0, 0 ],
			"to": [ 2, 16, 16 ],
			"faces": {
				"down": { "uv": [ 15, 0, 16, 16 ], "texture": "#door_spruce" },
				"up": { "uv": [ 0, 0, 1, 16 ], "texture": "#door_spruce" },
				"north": { "uv": [ 0, 16, 1, 0 ], "texture": "#door_spruce" },
				"south": { "uv": [ 16, 16, 15, 0 ], "texture": "#door_spruce" },
				"west": { "uv": [ 0, 16, 16, 0 ], "texture": "#door_spruce" },
				"east": { "uv": [ 0, 16, 16, 0 ], "texture": "#door_spruce" }
			}
		},
		{
			"__comment": "Box16",
			"from": [ 0.5, 9, 0 ],
			"to": [ 1, 11, 16 ],
			"faces": {
				"down": { "uv": [ 14.5, 0, 15, 16 ], "texture": "#door_spruce_metal" },
				"up": { "uv": [ 15.5, 0, 16, 16 ], "texture": "#door_spruce_metal" },
				"north": { "uv": [ 0, 13, 0.5, 15 ], "texture": "#door_spruce_metal" },
				"south": { "uv": [ 15.5, 13, 16, 15 ], "texture": "#door_spruce_metal" },
				"west": { "uv": [ 0, 13, 16, 15 ], "texture": "#door_spruce_metal" },
				"east": { "uv": [ 0, 13, 16, 15 ], "texture": "#door_spruce_metal" }
			}
		},
		{
			"__comment": "Box16",
			"from": [ 2, 0, 0 ],
			"to": [ 2.5, 1, 16 ],
			"faces": {
				"down": { "uv": [ 14.5, 0, 15, 16 ], "texture": "#door_spruce_metal" },
				"up": { "uv": [ 15.5, 0, 16, 16 ], "texture": "#door_spruce_metal" },
				"north": { "uv": [ 0, 11, 0.5, 12 ], "texture": "#door_spruce_metal" },
				"south": { "uv": [ 15.5, 11, 16, 12 ], "texture": "#door_spruce_metal" },
				"west": { "uv": [ 0, 11, 16, 12 ], "texture": "#door_spruce_metal" },
				"east": { "uv": [ 16, 11, 0, 12 ], "texture": "#door_spruce_metal" }
			}
		},
		{
			"__comment": "Box16",
			"from": [ 0.5, 0, 0 ],
			"to": [ 1, 1, 16 ],
			"faces": {
				"down": { "uv": [ 14.5, 0, 15, 16 ], "texture": "#door_spruce_metal" },
				"up": { "uv": [ 15.5, 0, 16, 16 ], "texture": "#door_spruce_metal" },
				"north": { "uv": [ 0, 11, 0.5, 12 ], "texture": "#door_spruce_metal" },
				"south": { "uv": [ 15.5, 11, 16, 12 ], "texture": "#door_spruce_metal" },
				"west": { "uv": [ 0, 11, 16, 12 ], "texture": "#door_spruce_metal" },
				"east": { "uv": [ 16, 11, 0, 12 ], "texture": "#door_spruce_metal" }
			}
		},
		{
			"__comment": "Box16",
			"from": [ 2, 9, 0 ],
			"to": [ 2.5, 11, 16 ],
			"faces": {
				"down": { "uv": [ 14.5, 0, 15, 16 ], "texture": "#door_spruce_metal" },
				"up": { "uv": [ 15.5, 0, 16, 16 ], "texture": "#door_spruce_metal" },
				"north": { "uv": [ 0, 13, 0.5, 15 ], "texture": "#door_spruce_metal" },
				"south": { "uv": [ 15.5, 13, 16, 15 ], "texture": "#door_spruce_metal" },
				"west": { "uv": [ 0, 13, 16, 15 ], "texture": "#door_spruce_metal" },
				"east": { "uv": [ 0, 13, 16, 15 ], "texture": "#door_spruce_metal" }
			}
		}
	]
}
