{
	"__comment": "Designed by Sirfancybacon with Cubik Studio - https://cubik.studio",
	"textures": {
		"door_spruce": "blocks/door_spruce",
		"door_spruce_metal": "blocks/door_spruce_metal"
	},
	"elements": [
		{
			"__comment": "Box3",
			"from": [ 1, 0, 0 ],
			"to": [ 2, 16, 16 ],
			"faces": {
				"down": { "uv": [ 15, 0, 16, 16 ], "texture": "#door_spruce" },
				"up": { "uv": [ 0, 0, 1, 16 ], "texture": "#door_spruce" },
				"north": { "uv": [ 0, 0, 1, 16 ], "texture": "#door_spruce" },
				"south": { "uv": [ 16, 0, 15, 16 ], "texture": "#door_spruce" },
				"west": { "uv": [ 0, 0, 16, 16 ], "texture": "#door_spruce" },
				"east": { "uv": [ 0, 0, 16, 16 ], "texture": "#door_spruce" }
			}
		},
		{
			"__comment": "Box16",
			"from": [ 0.5, 5, 0 ],
			"to": [ 1, 7, 16 ],
			"faces": {
				"down": { "uv": [ 14.5, 0, 15, 16 ], "texture": "#door_spruce_metal" },
				"up": { "uv": [ 15.5, 0, 16, 16 ], "texture": "#door_spruce_metal" },
				"north": { "uv": [ 0, 13, 0.5, 15 ], "texture": "#door_spruce_metal" },
				"south": { "uv": [ 15.5, 13, 16, 15 ], "texture": "#door_spruce_metal" },
				"west": { "uv": [ 0, 13, 16, 15 ], "texture": "#door_spruce_metal" },
				"east": { "uv": [ 0, 13, 16, 15 ], "texture": "#door_spruce_metal" }
			}
		},
		{
			"__comment": "Box8",
			"from": [ 0, 14.5, 1 ],
			"to": [ 0.5, 15, 3 ],
			"faces": {
				"down": { "uv": [ 5.5, 5.5, 6, 8.5 ], "texture": "#door_spruce_metal" },
				"up": { "uv": [ 5.5, 5.5, 6, 8.5 ], "texture": "#door_spruce_metal" },
				"north": { "uv": [ 6, 5, 6.5, 5.5 ], "texture": "#door_spruce_metal" },
				"south": { "uv": [ 6, 5, 6.5, 5.5 ], "texture": "#door_spruce_metal" },
				"west": { "uv": [ 6, 5, 8.5, 5.5 ], "texture": "#door_spruce_metal" },
				"east": { "uv": [ 6, 5, 8.5, 5.5 ], "texture": "#door_spruce_metal" }
			}
		},
		{
			"__comment": "Box8",
			"from": [ 0, 11.5, 1 ],
			"to": [ 0.5, 12, 3 ],
			"faces": {
				"down": { "uv": [ 8.5, 5.5, 9, 8.5 ], "texture": "#door_spruce_metal" },
				"up": { "uv": [ 8.5, 5.5, 9, 8.5 ], "texture": "#door_spruce_metal" },
				"north": { "uv": [ 6, 8.5, 6.5, 9 ], "texture": "#door_spruce_metal" },
				"south": { "uv": [ 8, 8.5, 8.5, 9 ], "texture": "#door_spruce_metal" },
				"west": { "uv": [ 6, 8.5, 8.5, 9 ], "texture": "#door_spruce_metal" },
				"east": { "uv": [ 6, 8.5, 8.5, 9 ], "texture": "#door_spruce_metal" }
			}
		},
		{
			"__comment": "Box8",
			"from": [ 0, 12, 0.5 ],
			"to": [ 0.5, 14.5, 1 ],
			"faces": {
				"down": { "uv": [ 5.5, 5.5, 6, 6 ], "texture": "#door_spruce_metal" },
				"up": { "uv": [ 5.5, 5.5, 6, 6 ], "texture": "#door_spruce_metal" },
				"north": { "uv": [ 5.5, 5.5, 6, 8.5 ], "texture": "#door_spruce_metal" },
				"south": { "uv": [ 5.5, 5.5, 6, 8.5 ], "texture": "#door_spruce_metal" },
				"west": { "uv": [ 5.5, 5.5, 6, 8.5 ], "texture": "#door_spruce_metal" },
				"east": { "uv": [ 5.5, 5.5, 6, 8.5 ], "texture": "#door_spruce_metal" }
			}
		},
		{
			"__comment": "Box8",
			"from": [ 0, 12, 3 ],
			"to": [ 0.5, 14.5, 3.5 ],
			"faces": {
				"down": { "uv": [ 5.5, 5.5, 6, 6 ], "texture": "#door_spruce_metal" },
				"up": { "uv": [ 5.5, 5.5, 6, 6 ], "texture": "#door_spruce_metal" },
				"north": { "uv": [ 5.5, 5.5, 6, 8.5 ], "texture": "#door_spruce_metal" },
				"south": { "uv": [ 5.5, 5.5, 6, 8.5 ], "texture": "#door_spruce_metal" },
				"west": { "uv": [ 5.5, 5.5, 6, 8.5 ], "texture": "#door_spruce_metal" },
				"east": { "uv": [ 5.5, 5.5, 6, 8.5 ], "texture": "#door_spruce_metal" }
			}
		},
		{
			"__comment": "Box8",
			"from": [ 2.5, 11.5, 1 ],
			"to": [ 3, 12, 3 ],
			"faces": {
				"down": { "uv": [ 8.5, 5.5, 9, 8.5 ], "texture": "#door_spruce_metal" },
				"up": { "uv": [ 8.5, 5.5, 9, 8.5 ], "texture": "#door_spruce_metal" },
				"north": { "uv": [ 6, 8.5, 6.5, 9 ], "texture": "#door_spruce_metal" },
				"south": { "uv": [ 8, 8.5, 8.5, 9 ], "texture": "#door_spruce_metal" },
				"west": { "uv": [ 6, 8.5, 8.5, 9 ], "texture": "#door_spruce_metal" },
				"east": { "uv": [ 6, 8.5, 8.5, 9 ], "texture": "#door_spruce_metal" }
			}
		},
		{
			"__comment": "Box8",
			"from": [ 2.5, 12, 0.5 ],
			"to": [ 3, 14.5, 1 ],
			"faces": {
				"down": { "uv": [ 5.5, 5.5, 6, 6 ], "texture": "#door_spruce_metal" },
				"up": { "uv": [ 5.5, 5.5, 6, 6 ], "texture": "#door_spruce_metal" },
				"north": { "uv": [ 5.5, 5.5, 6, 8.5 ], "texture": "#door_spruce_metal" },
				"south": { "uv": [ 5.5, 5.5, 6, 8.5 ], "texture": "#door_spruce_metal" },
				"west": { "uv": [ 5.5, 5.5, 6, 8.5 ], "texture": "#door_spruce_metal" },
				"east": { "uv": [ 5.5, 5.5, 6, 8.5 ], "texture": "#door_spruce_metal" }
			}
		},
		{
			"__comment": "Box8",
			"from": [ 2.5, 14.5, 1 ],
			"to": [ 3, 15, 3 ],
			"faces": {
				"down": { "uv": [ 5.5, 5.5, 6, 8.5 ], "texture": "#door_spruce_metal" },
				"up": { "uv": [ 5.5, 5.5, 6, 8.5 ], "texture": "#door_spruce_metal" },
				"north": { "uv": [ 6, 5, 6.5, 5.5 ], "texture": "#door_spruce_metal" },
				"south": { "uv": [ 6, 5, 6.5, 5.5 ], "texture": "#door_spruce_metal" },
				"west": { "uv": [ 6, 5, 8.5, 5.5 ], "texture": "#door_spruce_metal" },
				"east": { "uv": [ 6, 5, 8.5, 5.5 ], "texture": "#door_spruce_metal" }
			}
		},
		{
			"__comment": "Box8",
			"from": [ 2.5, 12, 3 ],
			"to": [ 3, 14.5, 3.5 ],
			"faces": {
				"down": { "uv": [ 5.5, 5.5, 6, 6 ], "texture": "#door_spruce_metal" },
				"up": { "uv": [ 5.5, 5.5, 6, 6 ], "texture": "#door_spruce_metal" },
				"north": { "uv": [ 5.5, 5.5, 6, 8.5 ], "texture": "#door_spruce_metal" },
				"south": { "uv": [ 5.5, 5.5, 6, 8.5 ], "texture": "#door_spruce_metal" },
				"west": { "uv": [ 5.5, 5.5, 6, 8.5 ], "texture": "#door_spruce_metal" },
				"east": { "uv": [ 5.5, 5.5, 6, 8.5 ], "texture": "#door_spruce_metal" }
			}
		},
		{
			"__comment": "Box16",
			"from": [ 2, 15, 0 ],
			"to": [ 2.5, 16, 16 ],
			"faces": {
				"down": { "uv": [ 14.5, 0, 15, 16 ], "texture": "#door_spruce_metal" },
				"up": { "uv": [ 15.5, 0, 16, 16 ], "texture": "#door_spruce_metal" },
				"north": { "uv": [ 0, 11, 0.5, 12 ], "texture": "#door_spruce_metal" },
				"south": { "uv": [ 15.5, 11, 16, 12 ], "texture": "#door_spruce_metal" },
				"west": { "uv": [ 0, 11, 16, 12 ], "texture": "#door_spruce_metal" },
				"east": { "uv": [ 16, 11, 0, 12 ], "texture": "#door_spruce_metal" }
			}
		},
		{
			"__comment": "Box16",
			"from": [ 0.5, 15, 0 ],
			"to": [ 1, 16, 16 ],
			"faces": {
				"down": { "uv": [ 14.5, 0, 15, 16 ], "texture": "#door_spruce_metal" },
				"up": { "uv": [ 15.5, 0, 16, 16 ], "texture": "#door_spruce_metal" },
				"north": { "uv": [ 0, 11, 0.5, 12 ], "texture": "#door_spruce_metal" },
				"south": { "uv": [ 15.5, 11, 16, 12 ], "texture": "#door_spruce_metal" },
				"west": { "uv": [ 0, 11, 16, 12 ], "texture": "#door_spruce_metal" },
				"east": { "uv": [ 16, 11, 0, 12 ], "texture": "#door_spruce_metal" }
			}
		},
		{
			"__comment": "Box16",
			"from": [ 2, 5, 0 ],
			"to": [ 2.5, 7, 16 ],
			"faces": {
				"down": { "uv": [ 14.5, 0, 15, 16 ], "texture": "#door_spruce_metal" },
				"up": { "uv": [ 15.5, 0, 16, 16 ], "texture": "#door_spruce_metal" },
				"north": { "uv": [ 0, 13, 0.5, 15 ], "texture": "#door_spruce_metal" },
				"south": { "uv": [ 15.5, 13, 16, 15 ], "texture": "#door_spruce_metal" },
				"west": { "uv": [ 0, 13, 16, 15 ], "texture": "#door_spruce_metal" },
				"east": { "uv": [ 0, 13, 16, 15 ], "texture": "#door_spruce_metal" }
			}
		}
	]
}
